lead_days,forecast_p,observed_freq,n
1,0.0,0.05389221556886228,501
1,0.111,0.18243243243243243,148
1,0.222,0.23076923076923078,104
1,0.333,0.23076923076923078,117
1,0.444,0.39215686274509803,102
1,0.556,0.4041095890410959,146
1,0.667,0.7689075630252101,238
1,0.778,0.802547770700637,157
1,0.889,0.8814229249011858,253
1,1.0,0.9702970297029703,202
3,0.0,0.02526315789473684,475
3,0.111,0.16030534351145037,131
3,0.222,0.41496598639455784,147
3,0.333,0.4375,112
3,0.444,0.5888888888888889,90
3,0.556,0.31976744186046513,172
3,0.667,0.6996805111821086,313
3,0.778,0.7409326424870466,193
3,0.889,0.935064935064935,231
3,1.0,0.9903846153846154,104
5,0.0,0.0748502994011976,334
5,0.111,0.13662790697674418,344
5,0.222,0.2462686567164179,268
5,0.333,0.5051020408163265,196
5,0.444,0.5033557046979866,149
5,0.556,0.8297872340425532,329
5,0.667,0.9841269841269841,63
5,0.778,1.0,113
5,0.889,1.0,172
