part,forecast,lead_days,pod,far,exact,mri_mae,n,brier,bss
A,ECMWF IFS,1,0.8583690987124464,0.21104536489151873,0.7190040650406504,5.95953563040887,1968,,
A,ECMWF IFS,2,0.869098712446352,0.2387218045112782,0.6539634146341463,6.39263204115558,1968,,
A,ECMWF IFS,3,0.8283261802575107,0.2798507462686567,0.5482723577235772,7.924375530755546,1968,,
A,ECMWF IFS,4,0.8701716738197425,0.26138433515482695,0.5823170731707317,8.257862990230405,1968,,
A,ECMWF IFS,5,0.8186695278969958,0.32418069087688217,0.5259146341463414,9.287915997991506,1968,,
A,GFS,1,0.5332618025751072,0.0847145488029466,0.4425813008130081,12.896476151269823,1968,,
A,GFS,2,0.4409871244635193,0.05733944954128441,0.30284552845528456,18.327004801887057,1968,,
A,GFS,3,0.3186695278969957,0.2630272952853598,0.2535569105691057,20.112471974888464,1968,,
A,GFS,4,0.33047210300429186,0.20822622107969152,0.2505081300813008,17.973968237603973,1968,,
A,GFS,5,0.33798283261802575,0.015625,0.3053861788617886,15.458861925196603,1968,,
A,ICON,1,0.9216738197424893,0.32308904649330183,0.5213414634146342,8.658715270374776,1968,,
A,ICON,2,0.9141630901287554,0.3027823240589198,0.5726626016260162,8.60576085322726,1968,,
A,ICON,3,0.9023605150214592,0.2938706968933669,0.5060975609756098,9.790420054693103,1968,,
A,ICON,4,0.9098712446351931,0.32214228617106316,0.4720528455284553,11.50122239673348,1968,,
A,ICON,5,0.8497854077253219,0.3058720420683611,0.47560975609756095,12.160312052061986,1968,,
B,Lagged ensemble (ECMWF+GFS+ICON × 3 issue days),1,,,,,1968,0.12988055806483992,0.4790228609971098
B,Lagged ensemble (ECMWF+GFS+ICON × 3 issue days),2,,,,,1968,0.13755896818227442,0.44822320787986003
B,Lagged ensemble (ECMWF+GFS+ICON × 3 issue days),3,,,,,1968,0.14708170229850448,0.41002559886680034
B,Lagged ensemble (ECMWF+GFS+ICON × 3 issue days),4,,,,,1968,0.13086545217304027,0.475072251896286
B,Lagged ensemble (ECMWF+GFS+ICON × 3 issue days),5,,,,,1968,0.1496411723376493,0.3997590478277173
