date,model_max,model_typical,n_orange_plus,n_red,mri_min,mri_max,model_typical_level,station_tmax,hap_level,imd_red
2024-05-01,green,10.755239838993493,0,0,9.198997790392456,11.754289434202175,green,39.0,green,False
2024-05-02,green,22.63524899010843,0,0,20.296161249424955,24.496480403972186,green,40.0,green,False
2024-05-03,green,33.64625096965982,0,0,30.394610538485207,36.39238316156095,green,41.0,green,False
2024-05-04,yellow,43.71538281320851,0,0,39.53265221878906,47.35381018838012,yellow,40.6,green,False
2024-05-05,green,32.075552929007344,0,0,28.871260467297212,34.90401172167842,green,39.0,green,False
2024-05-06,green,34.788802044776844,0,0,31.44159205249357,37.629754300795604,green,40.6,green,False
2024-05-07,orange,63.251835242906196,41,0,57.3358518083917,69.22542505954462,orange,42.4,yellow,False
2024-05-08,orange,55.565597845281516,4,0,50.04276949896037,61.551548001393996,yellow,42.6,yellow,False
2024-05-09,orange,55.14059769690161,3,0,49.73000517483789,61.03532229144601,yellow,42.0,yellow,False
2024-05-10,orange,57.0021065880881,9,0,51.275530333742644,63.12876966473666,yellow,40.6,green,False
2024-05-11,orange,55.808794760075614,4,0,50.316578643628404,61.75810477024923,yellow,41.0,green,False
2024-05-12,orange,59.83251271011277,22,0,54.109618905366936,65.94349241137792,yellow,41.6,yellow,False
2024-05-13,yellow,41.94040615311292,0,0,37.74606330154855,45.55856506802141,yellow,41.4,yellow,False
2024-05-14,green,33.149487074096044,0,0,30.000513228983014,35.87382036299993,green,37.0,green,False
2024-05-15,green,36.08434981612295,0,0,32.647938361669034,39.046027593779584,green,39.4,green,False
2024-05-16,orange,58.61119421012627,16,0,52.85570191330392,64.70084883231884,yellow,43.0,yellow,False
2024-05-17,red,73.76711959027074,48,2,66.78703112975596,80.74593145568285,orange,43.6,orange,False
2024-05-18,orange,72.48741562796533,48,0,65.61620328691014,79.36506522979805,orange,44.0,orange,False
2024-05-19,orange,72.50186203637614,48,0,65.83083940014134,79.75787735242544,orange,44.4,orange,False
2024-05-20,orange,68.54438866349608,48,0,62.29021479376952,75.53024270490202,orange,44.0,orange,True
2024-05-21,red,75.38139716699334,48,4,68.03968490197875,82.52734707141,orange,44.4,orange,True
2024-05-22,red,87.74870477373466,48,47,79.76308895376954,95.72309980600947,red,45.4,red,True
2024-05-23,red,88.93604782255088,48,48,80.92036303732169,97.1101572093633,red,46.2,red,True
2024-05-24,red,90.35687805392084,48,48,81.93345624370443,98.56685894289338,red,45.4,red,True
2024-05-25,red,84.47244294912915,48,41,76.47356032804855,92.26043107017549,red,43.4,orange,False
2024-05-26,red,91.70601966019996,48,48,83.21904349985748,100.0,red,43.0,yellow,False
2024-05-27,red,88.80567948761151,48,48,80.50385072136419,96.90610991509678,red,45.0,red,False
2024-05-28,red,88.08454067831917,48,47,79.88253519071695,96.12311586248309,red,43.4,orange,False
2024-05-29,red,78.62343129896982,48,17,71.12502239286717,85.97934599420725,orange,41.4,yellow,False
2024-05-30,orange,63.35654809667746,41,0,57.23736611431004,69.98575619392867,orange,43.0,yellow,False
2024-05-31,orange,56.1787253418767,4,0,50.54184947226853,62.254432991003696,yellow,42.4,yellow,False
2024-06-01,yellow,52.47238849282538,0,0,47.19629972786144,58.349179883883544,yellow,41.6,yellow,False
2024-06-02,orange,55.37330784216419,4,0,49.80743571751008,61.41290839532585,yellow,41.4,yellow,False
2024-06-03,orange,66.44743142512354,48,0,60.137605646413796,72.94722243396193,orange,41.6,yellow,False
2024-06-04,orange,57.36284126918447,11,0,51.798258174085426,63.33045746256585,yellow,41.4,yellow,False
2024-06-05,yellow,49.447774833904596,0,0,44.39557964521269,55.137442775153964,yellow,41.4,yellow,False
2024-06-06,orange,58.14899740922408,14,0,52.325248163603014,64.32602882875396,yellow,41.6,yellow,False
2024-06-07,orange,62.03142292605361,38,0,55.984848972771374,68.29636481179685,orange,42.4,yellow,False
2024-06-08,orange,56.64922990258945,5,0,51.008827164396,62.70980709421335,yellow,41.8,yellow,False
2024-06-09,orange,68.21853826576697,48,0,61.70207928329421,74.84362528705402,orange,43.0,yellow,False
2024-06-10,yellow,54.02108993202662,0,0,48.88735891759462,59.75765575431793,yellow,39.6,green,False
2024-06-11,yellow,51.15388514094164,0,0,46.133177227762644,56.78338434756603,yellow,40.2,green,False
2024-06-12,yellow,43.42750923785951,0,0,37.56238335981309,50.02513061612164,yellow,40.8,green,False
2024-06-13,yellow,38.1439052929002,0,0,34.340018638310596,41.44464255839192,green,41.2,yellow,False
2024-06-14,green,35.991665980705655,0,0,32.40435030762196,39.13033960928984,green,39.2,green,False
2024-06-15,green,34.54022359735302,0,0,30.98571976273665,37.579932503064136,green,39.8,green,False
