group,change,spearman,max_rank_move,mean_mri_change,red_ward_days,red_change
HTSI weight,utci ×0.8,0.9995657837603126,1,-4.268899864372526,283,-61
HTSI weight,utci ×1.2,0.999348675640469,2,3.610155626261902,417,73
HTSI weight,wbgt ×0.8,0.9995657837603126,2,2.3076362943714703,395,51
HTSI weight,wbgt ×1.2,0.9998914459400782,1,-2.1101685490402518,324,-20
HTSI weight,heat_index ×0.8,0.9939209726443768,4,0.6166732129705897,358,14
HTSI weight,heat_index ×1.2,0.9998914459400782,1,-0.35451619603276957,347,3
PVI weight,elderly_share ×0.8,0.9995657837603126,1,-0.005180594479532156,343,-1
PVI weight,elderly_share ×1.2,0.9986973512809378,3,0.0036639391434460933,346,2
PVI weight,outdoor_worker_share ×0.8,0.9995657837603126,1,-0.003885445859649709,344,0
PVI weight,outdoor_worker_share ×1.2,0.999240121580547,2,0.0029464210820358736,346,2
PVI weight,healthcare_access_gap ×0.8,0.991098567086409,6,0.004993416506040423,347,3
PVI weight,healthcare_access_gap ×1.2,0.9886018237082066,6,-0.005487446766264448,345,1
PVI weight,cooling_access_gap ×0.8,0.9866478506296135,7,0.005582954517156698,344,0
PVI weight,cooling_access_gap ×1.2,0.9879504993486756,6,-0.006251921196994914,345,1
PVI weight,informal_housing_share ×0.8,0.9675423360833694,12,-0.0030558687303097187,345,1
PVI weight,informal_housing_share ×1.2,0.9846938775510204,7,0.0022505545469583645,347,3
PVI weight,under5_share ×0.8,0.9900130264871906,7,0.004446605481709831,345,1
PVI weight,under5_share ×1.2,0.9892531480677377,7,-0.005319664651101934,343,-1
PVI weight,population_density ×0.8,0.9924012158054711,5,-0.007162617156274346,345,1
PVI weight,population_density ×1.2,0.9833912288319583,7,0.0062108365980586555,346,2
HTSI extra,night points ×0.8,0.999240121580547,2,-1.4994161163971638,330,-14
HTSI extra,night points ×1.2,0.9976118106817194,4,1.4923745229976078,363,19
HTSI extra,persistence points ×0.8,1.0,0,-0.9504002235419001,327,-17
HTSI extra,persistence points ×1.2,1.0,0,0.941174626327078,358,14
Downscaling,beta_night = 0.0,0.9834997828918801,7,0.04373333984957176,345,1
Downscaling,beta_night = 0.15,0.9946808510638298,5,0.029292418921476937,344,0
Downscaling,beta_night = 0.45,0.9901215805471123,6,-0.05438232738875115,343,-1
Downscaling,beta_night = 0.6,0.9671081198436822,12,-0.1254328017739752,343,-1
Downscaling,beta_day = 0.3,0.77594442032132,21,-0.016727363841373705,363,19
Risk,vulnerability_spread = 0.2,0.9437689969604862,13,0.00935616033207006,347,3
Risk,vulnerability_spread = 0.3,0.9908814589665653,5,0.008897281718582839,351,7
Risk,vulnerability_spread = 0.5,0.9943551888840643,8,-0.02590842235373773,341,-3
Risk,vulnerability_spread = 0.6,0.9892531480677377,10,-0.059275172963099663,343,-1
